Location,Neighborhood,Theme,Keywords,Price,Notes
Berlin Glas,Wedding,Glassblowing Workshop,"Hands-on, craft, artistic",€60–100,Beginner glass class with artists
Panke Culture,Wedding,Street Art + Music,"Graffiti, live shows, community",Free / donation,Riverside courtyard with workshops and jam nights
Sprengelkiez,Wedding,Artsy Neighborhood Walk,"Cafés, vintage, eco shops",Free,"Explore shops like Supermarché, Coffee Circle"
Vabali Spa,Mitte,Spa & Sauna,"Balinese-style, relaxation",€40–50,Luxurious sauna and pools with nude spa culture
Mauerpark,Prenzlauer Berg,Flea Market,"Live music, vintage, street food",Free entry,Sunday highlight with multicultural performances
Rüyam Gemüse Kebap,Wedding,Food: Döner,"Local favorite, Turkish-German",€5–7,Juicy kebap with grilled veggies
Volkspark Rehberge,Wedding,Nature Park,"Green, ruins, cinema",Free,"Large park with WWII towers, picnics"
YAAM Berlin,Friedrichshain,Music & Food,"Afro-Caribbean, reggae, street art",Free–€10,Beach club vibes with food stalls
Silent Green,Wedding,Art Space,"Exhibition, café, cultural hub",Free–€10,Gallery and café in converted crematorium
Markthalle Neun,Kreuzberg,Street Food Hall,"Hip, global, gourmet",Free entry,Food stands from Berlin and beyond
Urban Nation Museum,Schöneberg,Street Art Museum,"Colorful, modern, political",Free,Rotating murals and installations
Kanaan,Prenzlauer Berg,Restaurant,Israeli-Palestinian fusion,€15–25,Shared plates and multicultural flair
Ernst,Wedding,Michelin Dining,"Minimalist, high-end",€200+,Tiny tasting menu spot with seasonal focus
Eschenbräu,Wedding,Brewery,"Craft beer, courtyard",€4–6,Laid-back brewery with local vibe
Kater & Goldfisch,Wedding,Cocktail Bar,"Quirky, cozy, local",€8–12,Inventive drinks in artsy setting
Berghain,Friedrichshain,Techno Club,"Iconic, minimalist, underground",€20+,"Selective entry, known for legendary parties"
Sisyphos,Lichtenberg,Techno Club,"Outdoor, art, festival-like",€15–30,Riverside venue with a creative atmosphere
RAW-Gelände,Friedrichshain,Alt Art Complex,"Street art, clubs, skate park",Free–€15,Repurposed train yard full of culture
Urban Spree,Friedrichshain,Art Space,"Exhibitions, concerts, graffiti",Free–€10,Street art and live events
Papergirl Berlin,Various,Community Art,"Spontaneous, participatory, urban",Free,Art distributed to the public by bike
Tim Raue,Kreuzberg,Michelin-Star Restaurant,"Asian-fusion, chic, upscale",€150–250,Two-star fine dining experience
SO36,Kreuzberg,Live Music Venue,"Punk, indie, LGBTQ+",€10–20,Historic and culturally rich performance space
Jewish Museum,Kreuzberg,Museum,"Jewish history, architecture",€8,Libeskind’s powerful design and exhibits
Karneval der Kulturen,Kreuzberg,Festival,"Multicultural, music, parade",Free,Annual celebration of Berlin’s diversity
Schwules Museum,Kreuzberg,LGBTQ+ Museum,"Queer history, inclusive",€9,First of its kind museum
Tempelhofer Feld,Tempelhof,Public Park,"Cycling, urban picnic, open skies",Free,Old airfield turned massive park
Guzulka Restaurant,Neukölln,Ukrainian Restaurant,"Homestyle, cozy, authentic",€10–20,Borscht and Kyiv classics with a folk interior
Kashtan Café,Kreuzberg,Ukrainian Café,"Cocktails, filter coffee, cultural hub",€5–15,Hosts pop-ups and supports Ukrainian initiatives
Ukrainian Cultural Community,Various,Cultural Center,"Creative exchange, Europe-Ukraine",Free–€10,"Events, workshops, and social impact initiatives"
She Said Bookstore,Neukölln,Bookshop & Café,"Feminist, queer authors, curated space",Free,"Literature, events, and coffee with a progressive lens"
Zabriskie Buchladen,Kreuzberg,Independent Bookshop,"Counterculture, ecology, art",Free,Quiet bookstore with niche lit and deep vibes
Atelierhaus Mengerzeile,Alt-Treptow,Artist Studios,"Industrial, collaborative, offbeat",Varies,Large artist collective with open studio events
Gleis 17 Memorial,Grunewald,Holocaust Memorial,"Deportation site, etched dates",Free,Haunting tribute to Berlin Jews deported by train
Chapel of Reconciliation,Mitte,Peace Memorial,"Berlin Wall, remembrance, healing",Free,Modern chapel on old church site razed by the GDR
Refugio Café,Neukölln,Refugee Community Café,"Nonprofit, social impact, cozy",€ (cheap),Café run by and supporting refugee residents
Café Morgenrot,Prenzlauer Berg,Vegan Brunch Café,"Collective, pay-what-you-can, cozy",€6–12,Sliding-scale buffet with anarchist roots
Oyoun Cultural Center,Neukölln,Global Arts Hub,"Queer, feminist, diasporic arts",Free–€,"Art, dance, and discourse from Berlin’s margins"
UfaFabrik,Tempelhof,Culture Commune,"Eco-living, 70s commune, performances",Free–€20,"Open-air stages, co-op life, and world music energy"
://about blank,Friedrichshain,Techno Club,"Queer-friendly, outdoor, electronic",€15+,East Berlin rave jungle meets progressive ideals
Another Country Bookshop,Kreuzberg,English Bookshop & Salon,"Expat haven, quirky, literary",Free (deposit),Buy-swap system and regular potlucks
Schokoladen,Mitte,Squat Bar & DIY Venue,"Anarchist roots, live gigs, raw charm",Free–€5,Punk karaoke and indie shows in graffiti-covered space
Museum der Dinge,Kreuzberg,Design Curiosity Museum,"Everyday objects, design history, Bauhaus, nostalgia",€6–8,A quirky museum full of 20th-century consumer goods and German design artifacts. Feels like a tactile puzzle of culture.
MachBar Berlin,Friedrichshain,Workshop Café,"DIY, eco, crafts, community",€20–40,"Hands-on workshops including soap making, upcycling, and creative tinkering. A cozy space for tactile learning."
Computer Games Museum,Friedrichshain,Gaming History,"Retro, interactive, puzzle games",€9,Explore decades of gaming evolution through play. Features East/West Berlin gaming stories and arcade nostalgia.
Haus Schwarzenberg,Mitte,Anarchist Art Alley,"Street art, micro-galleries, Cold War graffiti",Free,"Hidden alley packed with raw art, anti-fascist murals, and a GDR espionage museum. A living, breathing subculture relic."
SPEKTRUM,Neukölln,Art x Science Collective,"Sound, smell, AI, biohacking",Free–€15,"Experimental events and installations at the fringe of science, philosophy, and sensory design."
The Word,Neukölln,Literary Performance Space,"Spoken word, expat lit, queer/feminist voices",Free–€10,"A platform for global storytelling through readings, slams, and multilingual expression."
Tempelhof Silent Disco,Tempelhof,Experimental Dance,"Headphones, freeform movement, airport runway",€10–15,Dance with strangers in silence on Berlin’s defunct airport tarmac. Surreal and pure joy.
C/O Berlin Photo Kiosks,Charlottenburg,Photography Playground,"Analog photo booths, visual storytelling",€2–5,Iconic black-and-white booths + world-class exhibitions on visual culture.
Berlin ChessBoxing,Various,Live Hybrid Sport,"Brains vs brawn, absurd, cult",€15–25,Watch contenders alternate between boxing rounds and timed chess. A totally Berlin oddity.
Gaswerksiedlung,Neukölln,Artist Compound,"Industrial, live-work, hidden, gritty",Free entry,A functioning artists' community hidden in an old gasworks. Feels like a secret level from a puzzle-RPG.
Anthropocene Reading Room (Silent Green),Wedding,Science & Art Research Hub,"Climate, philosophy, human systems, poetics",Free,"A meditative, sci-fi-leaning micro-library inside Silent Green. Like reading at the end of the world, but beautiful."
Confiserie Mélanie,Charlottenburg,Artisan Chocolatier,"French-style pralines, bean-to-bar style",€8–20,Melts-on-the-tongue luxury without Michelin pricing. A taste-first philosophy for people who take cocoa seriously.
Zellengefängnis Moabit,Moabit,Historical Memorial,"Resistance fighters, Nazi history, quiet",Free,Former prison cells where political dissidents were held during WWII. Understated and deeply moving.
